[
    {
        "simulation": "DAY_AHEAD",
        "resolution": 3600,
        "category": "ElectricLoad",
        "component_name": "bus2",
        "module": "PowerSystems",
        "type": "Deterministic",
        "name": "max_active_power",
        "scaling_factor_multiplier": "get_max_active_power",
        "scaling_factor_multiplier_module": "PowerSystems",
        "normalization_factor": 1.0,
        "data_file": "./bus2.csv"
    },
    {
        "simulation": "DAY_AHEAD",
        "resolution": 3600,
        "category": "ElectricLoad",
        "component_name": "bus3",
        "module": "PowerSystems",
        "type": "Deterministic",
        "name": "max_active_power",
        "scaling_factor_multiplier": "get_max_active_power",
        "scaling_factor_multiplier_module": "PowerSystems",
        "normalization_factor": 1.0,
        "data_file": "./bus3.csv"
    },
    {
        "simulation": "DAY_AHEAD",
        "resolution": 3600,
        "category": "ElectricLoad",
        "component_name": "bus4",
        "module": "PowerSystems",
        "type": "Deterministic",
        "name": "max_active_power",
        "scaling_factor_multiplier": "get_max_active_power",
        "scaling_factor_multiplier_module": "PowerSystems",
        "normalization_factor": 1.0,
        "data_file": "./bus4.csv"
    },
    {
        "simulation": "DAY_AHEAD",
        "resolution": 3600,
        "category": "ElectricLoad",
        "component_name": "bus2",
        "module": "PowerSystems",
        "type": "Deterministic",
        "name": "max_reactive_power",
        "scaling_factor_multiplier": "get_max_reactive_power",
        "scaling_factor_multiplier_module": "PowerSystems",
        "normalization_factor": 1.0,
        "data_file": "./bus2.csv"
    },
    {
        "simulation": "DAY_AHEAD",
        "resolution": 3600,
        "category": "ElectricLoad",
        "component_name": "bus3",
        "module": "PowerSystems",
        "type": "Deterministic",
        "name": "max_reactive_power",
        "scaling_factor_multiplier": "get_max_reactive_power",
        "scaling_factor_multiplier_module": "PowerSystems",
        "normalization_factor": 1.0,
        "data_file": "./bus3.csv"
    },
    {
        "simulation": "DAY_AHEAD",
        "resolution": 3600,
        "category": "ElectricLoad",
        "component_name": "bus4",
        "module": "PowerSystems",
        "type": "Deterministic",
        "name": "max_reactive_power",
        "scaling_factor_multiplier": "get_max_reactive_power",
        "scaling_factor_multiplier_module": "PowerSystems",
        "normalization_factor": 1.0,
        "data_file": "./bus4.csv"
    }
]
